{"cameraMode":{"drawMode":0,"name":"Shaded","section":"Shading Mode"},"sceneLighting":true,"audioPlay":false,"sceneViewState":{"m_AlwaysRefresh":false,"showFog":true,"showSkybox":true,"showFlares":true,"showImageEffects":true,"showParticleSystems":true,"showVisualEffectGraphs":true,"m_FxEnabled":true},"in2DMode":false,"pivot":{"x":10.675747871398926,"y":30.327733993530275,"z":10.203791618347168},"rotation":{"x":0.11264309287071228,"y":-0.8558701872825623,"z":0.4590502977371216,"w":0.20999053120613099},"size":5.066025733947754,"orthographic":false}